{
	"info": {
		"_postman_id": "1c168759-0c41-4d4f-bcbe-8cfb6476dc8b",
		"name": "Collab",
		"schema": "https://schema.getpostman.com/json/collection/v2.1.0/collection.json",
		"_exporter_id": "1957797"
	},
	"item": [
		{
			"name": "LocateBook",
			"request": {
				"method": "POST",
				"header": [],
				"url": {
					"raw": "http://localhost:8888/book/locate?bookid=97B-2-4-801121-0",
					"protocol": "http",
					"host": [
						"localhost"
					],
					"port": "8888",
					"path": [
						"book",
						"locate"
					],
					"query": [
						{
							"key": "bookid",
							"value": "97B-2-4-801121-0"
						}
					]
				}
			},
			"response": []
		},
		{
			"name": "LocateBorrower",
			"request": {
				"method": "GET",
				"header": []
			},
			"response": []
		},
		{
			"name": "RegisterBook",
			"request": {
				"method": "GET",
				"header": []
			},
			"response": []
		},
		{
			"name": "AssignBookToBorrower",
			"request": {
				"method": "GET",
				"header": []
			},
			"response": []
		},
		{
			"name": "ReleaseBookFromBorrower",
			"request": {
				"method": "GET",
				"header": []
			},
			"response": []
		},
		{
			"name": "RegisterBorrower",
			"request": {
				"method": "GET",
				"header": []
			},
			"response": []
		},
		{
			"name": "FetchBooks",
			"request": {
				"method": "GET",
				"header": []
			},
			"response": []
		},
		{
			"name": "FetchBorrowers",
			"request": {
				"method": "GET",
				"header": []
			},
			"response": []
		}
	]
}